OBJID;RA;DEC;NAME;NH;ENERGY_SLOPE;ENERGY_SLOPE_ERROR;EXPOSURE_TIME;NUFNU_3000EV;NUFNU_ERROR_3000EV;NUFNU_500EV;NUFNU_ERROR_500EV;UPPER_LIMIT_500EV;NUFNU_1500EV;NUFNU_ERROR_1500EV;UPPER_LIMIT_1500EV;NUFNU_4500EV;NUFNU_ERROR_4500EV;UPPER_LIMIT_4500EV;COUNTRATES_300_10000EV;COUNTRATES_ERROR_300_10000EV;COUNTRATES_300_1000EV;COUNTRATES_ERROR_300_1000EV;UPPER_LIMIT_300_1000EV;COUNTRATES_1000_2000EV;COUNTRATES_ERROR_1000_2000EV;UPPER_LIMIT_1000_2000EV;COUNTRATES_2000_10000EV;COUNTRATES_ERROR_2000_10000EV;UPPER_LIMIT_2000_10000EV;SNR
0;17.7136;-1.27821;SDSX_J174248.8-011641.6;4.94e+20;0.8;-999/-999;4045;4.55868e-14;1.62283e-14;1.47743e-14;1.31477e-14;-999;5.62334e-14;2.89138e-14;-999;5.56849e-14;3.63411e-14;-999;0.00309;0.0011;0.000515;0.0004583;-999;0.001545;0.0007944;-999;0.00103;0.0006722;-999;4047.81
1;17.636;-1.32153;SDSX_J173809.7-011917.5;4.98e+20;0.8;-999/-999;3521;4.17991e-14;1.7724e-14;2.03548e-14;1.76446e-14;-999;5.15272e-14;-4.36616e-11;1.70167e-13;1.14782e-13;5.76884e-14;-999;0.00283;0.0012;0.0007075;0.0006133;-999;0.001415;-1.199;0.004673;0.002123;0.001067;-999;3523.36
2;17.6951;-1.31311;SDSX_J174142.4-011847.2;4.96e+20;0.8;-999/-999;3585.2;4.87146e-14;1.91906e-14;1.89611e-14;1.65393e-14;-999;2.4028e-14;2.09589e-14;-999;1.07049e-13;5.35514e-14;-999;0.0033;0.0013;0.00066;0.0005757;-999;0.00066;0.0005757;-999;0.00198;0.0009905;-999;3587.74
3;17.5583;-1.31374;SDSX_J173330.0-011849.5;4.98e+20;0.8;-999/-999;3629.1;6.18863e-14;2.0678e-14;2.41093e-14;-4.02492e-11;1.99146e-13;7.6253e-14;3.48819e-14;-999;1.13214e-13;5.17898e-14;-999;0.00419;0.0014;0.000838;-1.399;0.006922;0.002094;0.0009579;-999;0.002094;0.0009579;-999;3632.09
