OBJID;RA;DEC;NH;ENERGY_SLOPE;ENERGY_SLOPE_ERROR;EXPOSURE_TIME;nufnu_3keV;nufnu_error_3keV;nufnu_0.5keV;nufnu_error_0.5keV;upper_limit_0.5keV;nufnu_1.5keV;nufnu_error_1.5keV;upper_limit_1.5keV;nufnu_4.5keV;nufnu_error_4.5keV;upper_limit_4.5keV;SNR
0;17.7136;-1.27821;4.94e+20;0.8;-999/-999;4045;4.55868e-14;1.62283e-14;1.47743e-14;1.31477e-14;-999;5.62334e-14;2.89138e-14;-999;5.56849e-14;3.63411e-14;-999;4047.81
1;17.636;-1.32153;4.98e+20;0.8;-999/-999;3521;4.17991e-14;1.7724e-14;2.03548e-14;1.76446e-14;-999;5.15272e-14;-4.36616e-11;1.70167e-13;1.14782e-13;5.76884e-14;-999;3523.36
2;17.6951;-1.31311;4.96e+20;0.8;-999/-999;3585.2;4.87146e-14;1.91906e-14;1.89611e-14;1.65393e-14;-999;2.4028e-14;2.09589e-14;-999;1.07049e-13;5.35514e-14;-999;3587.74
3;17.5583;-1.31374;4.98e+20;0.8;-999/-999;3629.1;6.18863e-14;2.0678e-14;2.41093e-14;-4.02492e-11;1.99146e-13;7.6253e-14;3.48819e-14;-999;1.13214e-13;5.17898e-14;-999;3632.09
4;1.19801;-0.417563;2.97e+20;0.8;-999/-999;3796.9;3.73977e-14;1.52361e-14;3.3449e-14;1.99876e-14;-999;2.39967e-14;2.00785e-14;-999;3.63737e-14;3.04345e-14;-999;3799.35
5;1.38987;-0.465806;3.02e+20;0.8;-999/-999;3759.7;4.35675e-14;1.665e-14;3.90242e-14;-2.98215e-11;1.29036e-13;5.58559e-14;3.08346e-14;-999;8.46214e-14;4.67143e-14;-999;3762.32
