OBJID;RA;DEC;NAME;NH;ENERGY_SLOPE;ENERGY_SLOPE_ERROR;EXPOSURE_TIME;NUFNU_3000EV;NUFNU_ERROR_3000EV;NUFNU_500EV;NUFNU_ERROR_500EV;UPPER_LIMIT_500EV;NUFNU_1500EV;NUFNU_ERROR_1500EV;UPPER_LIMIT_1500EV;NUFNU_4500EV;NUFNU_ERROR_4500EV;UPPER_LIMIT_4500EV;COUNTRATES_300_10000EV;COUNTRATES_ERROR_300_10000EV;COUNTRATES_300_1000EV;COUNTRATES_ERROR_300_1000EV;UPPER_LIMIT_300_1000EV;COUNTRATES_1000_2000EV;COUNTRATES_ERROR_1000_2000EV;UPPER_LIMIT_1000_2000EV;COUNTRATES_2000_10000EV;COUNTRATES_ERROR_2000_10000EV;UPPER_LIMIT_2000_10000EV;RUNID;SNR
0;17.5584;-1.31358;SDSX_J173330.2-011848.9;4.98e+20;0.8;-999/-999;3510.3;5.24335e-14;1.7724e-14;1.70203e-14;1.38096e-14;-999;6.46366e-14;3.05886e-14;-999;6.40141e-14;3.56836e-14;-999;0.00355;0.0012;0.0005916;0.00048;-999;0.001775;0.00084;-999;0.001184;0.00066;-999;17_636_m1_3215_12;3513.26
1;17.6952;-1.31295;SDSX_J174142.6-011846.6;4.96e+20;0.8;-999/-999;3574.7;4.13336e-14;1.62382e-14;1.60854e-14;1.40456e-14;-999;2.03837e-14;1.77989e-14;-999;9.08292e-14;4.6258e-14;-999;0.0028;0.0011;0.0005599;0.0004889;-999;0.0005599;0.0004889;-999;0.00168;0.0008556;-999;17_636_m1_3215_12;3577.25
2;17.7137;-1.27871;SDSX_J174249.3-011643.4;4.94e+20;0.8;-999/-999;3437;4.1751e-14;1.62283e-14;1.62345e-14;-3.15281e-11;1.34174e-13;7.72344e-14;3.2972e-14;-999;3.82442e-14;2.90372e-14;-999;0.00283;0.0011;0.0005659;-1.099;0.004677;0.002122;0.0009059;-999;0.0007074;0.0005371;-999;17_636_m1_3215_12;3439.57
3;17.5047;-1.50144;SDSX_J173016.8-013005.2;5.01e+20;0.8;-999/-999;2050.5;1.74451e-13;4.28736e-14;7.56263e-14;3.92404e-14;-999;2.86579e-13;8.62251e-14;-999;7.08845e-14;5.11979e-14;-999;0.0118;0.0029;0.002623;0.001361;-999;0.007867;0.002367;-999;0.001311;0.0009469;-999;17_636_m1_3215_12;2054.57
4;17.7654;-1.23537;SDSX_J174555.6-011407.3;4.91e+20;0.8;-999/-999;1765.1;7.45793e-14;3.38997e-14;3.22042e-14;-6.57825e-11;1.59962e-13;1.22687e-13;6.94571e-14;-999;9.11452e-14;7.14133e-14;-999;0.00506;0.0023;0.001125;-2.298;0.005588;0.003372;0.001909;-999;0.001686;0.001321;-999;17_636_m1_3215_12;1767.3
